{
  "train_loss": [
    0.004222082060672399,
    0.00011097575117245162,
    0.00010696756306836963,
    0.00010536886936284981,
    0.00010504085913702407,
    0.00010504924669412446,
    0.00010510481132867681,
    0.00010431240527604403,
    0.00010427610362341604,
    0.00010400978925454009,
    0.00010394357725240848,
    0.00010348439782377403,
    0.00010335255047390949,
    0.00010364027251748985,
    0.00010296650035128852
  ],
  "train_data_loss": [
    0.004222082060672399,
    0.00011097575117245162,
    0.00010696756306836963,
    0.00010536886936284981,
    0.00010504085913702407,
    0.00010504924669412446,
    0.00010510481132867681,
    0.00010431240527604403,
    0.00010427610362341604,
    0.00010400978925454009,
    0.00010394357725240848,
    0.00010348439782377403,
    0.00010335255047390949,
    0.00010364027251748985,
    0.00010296650035128852
  ],
  "train_physics_loss": [
    0.0,
    0.0,
    0.0,
    0.0,
    0.0,
    0.0,
    0.0,
    0.0,
    0.0,
    0.0,
    0.0,
    0.0,
    0.0,
    0.0,
    0.0
  ],
  "val_loss": [
    0.004222082060672399,
    0.00011097575117245162,
    0.00010696756306836963,
    0.00010536886936284981,
    0.00010504085913702407,
    0.00010504924669412446,
    0.00010510481132867681,
    0.00010431240527604403,
    0.00010427610362341604,
    0.00010400978925454009,
    0.00010394357725240848,
    0.00010348439782377403,
    0.00010335255047390949,
    0.00010364027251748985,
    0.00010296650035128852
  ],
  "val_data_loss": [
    0.004222082060672399,
    0.00011097575117245162,
    0.00010696756306836963,
    0.00010536886936284981,
    0.00010504085913702407,
    0.00010504924669412446,
    0.00010510481132867681,
    0.00010431240527604403,
    0.00010427610362341604,
    0.00010400978925454009,
    0.00010394357725240848,
    0.00010348439782377403,
    0.00010335255047390949,
    0.00010364027251748985,
    0.00010296650035128852
  ],
  "val_physics_loss": [
    0.0,
    0.0,
    0.0,
    0.0,
    0.0,
    0.0,
    0.0,
    0.0,
    0.0,
    0.0,
    0.0,
    0.0,
    0.0,
    0.0,
    0.0
  ],
  "learning_rate": [
    0.001,
    0.001,
    0.001,
    0.001,
    0.001,
    0.001,
    0.001,
    0.001,
    0.001,
    0.001,
    0.001,
    0.001,
    0.001,
    0.001,
    0.001
  ]
}