{
  "train_loss": [
    0.07089739115562982,
    0.05437392576904354,
    0.054364991920615384,
    0.05436349137814459,
    0.05435896511027913,
    0.05436335758891648,
    0.05435934507382844,
    0.054356962441505785,
    0.05435826877098598,
    0.05435692044164606,
    0.0543507231887943,
    0.05435102664692673,
    0.05435090062147129,
    0.05435076266527176,
    0.054351291811751745
  ],
  "train_recon_loss": [
    0.05517840363308341,
    0.05437384603980059,
    0.05436496287941219,
    0.054363472832891044,
    0.054358943763250366,
    0.054363343255248615,
    0.054359330483182464,
    0.0543569472583825,
    0.05435826036922946,
    0.05435690971281,
    0.05435071433732609,
    0.054351018809094404,
    0.05435089207694916,
    0.05435075531284252,
    0.05435128235352967
  ],
  "train_kl_loss": [
    0.01571898743449775,
    7.975206206869662e-08,
    2.9025584847354066e-08,
    1.8536463061657017e-08,
    2.1350263299630755e-08,
    1.4333667868913971e-08,
    1.4590645978550711e-08,
    1.5183123285898905e-08,
    8.40175651504608e-09,
    1.0728836059144839e-08,
    8.851468205314844e-09,
    7.837832330943581e-09,
    8.54452213297646e-09,
    7.352429235766748e-09,
    9.458222075136836e-09
  ],
  "val_loss": [
    0.0544514293457699,
    0.054489429208710506,
    0.054451778331250526,
    0.05444577233544711,
    0.05450385851764131,
    0.05444540084478842,
    0.05444772896210581,
    0.05446156257784915,
    0.05444800010543331,
    0.05444827356100996,
    0.054443579552502466,
    0.054445368758763164,
    0.054450193662695955,
    0.05444461203954572,
    0.054447747577852444
  ],
  "val_recon_loss": [
    0.0544513417978796,
    0.054489394446470954,
    0.05445174492495955,
    0.054445712730802336,
    0.05450385851764131,
    0.054445311437821255,
    0.05444763955513865,
    0.05446153277552676,
    0.05444800010543331,
    0.05444827356100996,
    0.054443579552502466,
    0.054445368758763164,
    0.05445016386037357,
    0.05444461203954572,
    0.05444768797320767
  ],
  "val_kl_loss": [
    8.758932177426505e-08,
    3.474027622577183e-08,
    3.33001344710931e-08,
    5.960464477539063e-08,
    0.0,
    8.940696716308594e-08,
    8.940696716308594e-08,
    2.9802322387695312e-08,
    0.0,
    0.0,
    0.0,
    0.0,
    2.9802322387695312e-08,
    0.0,
    5.960464477539063e-08
  ],
  "learning_rate": [
    0.001,
    0.001,
    0.001,
    0.001,
    0.001,
    0.001,
    0.001,
    0.001,
    0.001,
    0.001,
    0.0005,
    0.0005,
    0.0005,
    0.0005,
    0.0005
  ]
}