{
  "train_loss": [
    0.002684096298592887,
    0.00011014462220291977,
    0.00010624557007130954,
    0.00010430390370519632,
    0.00010355980824911372,
    0.0001028347338768332,
    0.00010288377345898105,
    0.00010282608717346511,
    0.00010285238242845701,
    0.00010345013742364914,
    0.00010300948613342922,
    0.00010346421340565004,
    0.00010130356622772301,
    0.0001015714165578058,
    0.00010156636257716062,
    0.00010176314401429603,
    0.0001016916871881303
  ],
  "train_data_loss": [
    0.002684096298592887,
    0.00011014462220291977,
    0.00010624557007130954,
    0.00010430390370519632,
    0.00010355980824911372,
    0.0001028347338768332,
    0.00010288377345898105,
    0.00010282608717346511,
    0.00010285238242845701,
    0.00010345013742364914,
    0.00010300948613342922,
    0.00010346421340565004,
    0.00010130356622772301,
    0.0001015714165578058,
    0.00010156636257716062,
    0.00010176314401429603,
    0.0001016916871881303
  ],
  "train_physics_loss": [
    0.0,
    0.0,
    0.0,
    0.0,
    0.0,
    0.0,
    0.0,
    0.0,
    0.0,
    0.0,
    0.0,
    0.0,
    0.0,
    0.0,
    0.0,
    0.0,
    0.0
  ],
  "val_loss": [
    0.002684096298592887,
    0.00011014462220291977,
    0.00010624557007130954,
    0.00010430390370519632,
    0.00010355980824911372,
    0.0001028347338768332,
    0.00010288377345898105,
    0.00010282608717346511,
    0.00010285238242845701,
    0.00010345013742364914,
    0.00010300948613342922,
    0.00010346421340565004,
    0.00010130356622772301,
    0.0001015714165578058,
    0.00010156636257716062,
    0.00010176314401429603,
    0.0001016916871881303
  ],
  "val_data_loss": [
    0.002684096298592887,
    0.00011014462220291977,
    0.00010624557007130954,
    0.00010430390370519632,
    0.00010355980824911372,
    0.0001028347338768332,
    0.00010288377345898105,
    0.00010282608717346511,
    0.00010285238242845701,
    0.00010345013742364914,
    0.00010300948613342922,
    0.00010346421340565004,
    0.00010130356622772301,
    0.0001015714165578058,
    0.00010156636257716062,
    0.00010176314401429603,
    0.0001016916871881303
  ],
  "val_physics_loss": [
    0.0,
    0.0,
    0.0,
    0.0,
    0.0,
    0.0,
    0.0,
    0.0,
    0.0,
    0.0,
    0.0,
    0.0,
    0.0,
    0.0,
    0.0,
    0.0,
    0.0
  ],
  "learning_rate": [
    0.001,
    0.001,
    0.001,
    0.001,
    0.001,
    0.001,
    0.001,
    0.001,
    0.001,
    0.001,
    0.001,
    0.001,
    0.0005,
    0.0005,
    0.0005,
    0.0005,
    0.0005
  ]
}