{
  "train_loss": [
    0.08079867350305626,
    0.0631128028570535,
    0.06310765068688079,
    0.0631048888173289,
    0.06310052176614007,
    0.063103448734312,
    0.06309943798773303,
    0.06309924018061804,
    0.06309299184087508,
    0.06309224064121703,
    0.06309190910287246,
    0.06309141329662529,
    0.06309278983020497,
    0.06309279601195615,
    0.06308737021095738,
    0.06308834765753346
  ],
  "train_recon_loss": [
    0.06376137796097887,
    0.06311256984750668,
    0.06310764135179406,
    0.0631048796954983,
    0.06310051170027185,
    0.06310343791981657,
    0.06309942710185479,
    0.06309922879506014,
    0.06309298530220986,
    0.06309223152563244,
    0.06309190130786982,
    0.06309140505191095,
    0.06309278124285315,
    0.06309278832402772,
    0.06308736380078121,
    0.06308833951275505
  ],
  "train_kl_loss": [
    0.017037295578617048,
    2.329940191744069e-07,
    9.371998979939556e-09,
    9.087373470351224e-09,
    1.0078081381535102e-08,
    1.0814495428881927e-08,
    1.0885878237421641e-08,
    1.1385557893795847e-08,
    6.538665222838934e-09,
    9.115584595763007e-09,
    7.795002646075038e-09,
    8.244714336343802e-09,
    8.587351816143104e-09,
    7.687928433903678e-09,
    6.410176168658776e-09,
    8.14477840626029e-09
  ],
  "val_loss": [
    0.0632262697043718,
    0.06320141507776533,
    0.06319722224569298,
    0.06325587369430224,
    0.06322397153210822,
    0.06323322026465816,
    0.06319561991412406,
    0.06324696005232831,
    0.06320159165081622,
    0.06319822170468355,
    0.06319920573083834,
    0.06321742219343725,
    0.06319640482636704,
    0.06321872871768772,
    0.06320854305678629,
    0.06319730674626726
  ],
  "val_recon_loss": [
    0.06322618863648838,
    0.06320138955738581,
    0.06319722465071756,
    0.06325587369430224,
    0.063224031136753,
    0.06323322026465816,
    0.06319561991412406,
    0.0632469898546507,
    0.06320153204617145,
    0.06319822170468355,
    0.06319920573083834,
    0.06321742219343725,
    0.06319640482636704,
    0.06321866911304294,
    0.06320854305678629,
    0.06319736635091204
  ],
  "val_kl_loss": [
    8.099461287269581e-08,
    2.5478885075832142e-08,
    -2.745357702134022e-09,
    0.0,
    -5.960464477539063e-08,
    0.0,
    0.0,
    -2.9802322387695312e-08,
    5.960464477539063e-08,
    0.0,
    0.0,
    0.0,
    0.0,
    5.960464477539063e-08,
    0.0,
    -5.960464477539063e-08
  ],
  "learning_rate": [
    0.001,
    0.001,
    0.001,
    0.001,
    0.001,
    0.001,
    0.001,
    0.001,
    0.0005,
    0.0005,
    0.0005,
    0.0005,
    0.0005,
    0.0005,
    0.00025,
    0.00025
  ]
}