{
  "train_loss": [
    0.07163246989205568,
    0.06310897006112301,
    0.0631072349730366,
    0.06310371880268979,
    0.0631039988927677,
    0.06310243422979724,
    0.06310123675106885,
    0.06309774878496181,
    0.0630985281487068,
    0.06309679288127108,
    0.0630965571890691,
    0.0630971269113218,
    0.0630912414692833,
    0.06309426143453149,
    0.06309024606368499,
    0.06309048552133009
  ],
  "train_recon_loss": [
    0.06350939546739627,
    0.06310894968623887,
    0.06310722331265489,
    0.06310370815237482,
    0.06310398976647569,
    0.06310242372581702,
    0.06310122592229686,
    0.06309773664274615,
    0.0630985223988216,
    0.0630967874062097,
    0.06309655110011557,
    0.06309712044047025,
    0.0630912376431648,
    0.0630942569909517,
    0.06309024219830593,
    0.06309048174874868
  ],
  "train_kl_loss": [
    0.008123074435510665,
    2.0424811022317424e-08,
    1.1657704850156864e-08,
    1.0650314970644648e-08,
    9.126292017405618e-09,
    1.0503980214010456e-08,
    1.0828771990930248e-08,
    1.214221566023227e-08,
    5.749885193602054e-09,
    5.475061382362229e-09,
    6.088953532144695e-09,
    6.4708515555558805e-09,
    3.826118514923278e-09,
    4.443579805111457e-09,
    3.8653790593861105e-09,
    3.772581408837598e-09
  ],
  "val_loss": [
    0.06322005017878224,
    0.06320626350026934,
    0.06320407594486328,
    0.06322035041791155,
    0.06323766787589967,
    0.06319818276219727,
    0.06325606593034333,
    0.06322190525916573,
    0.06320738404546775,
    0.06321419825977236,
    0.06319874496702318,
    0.06319835682495914,
    0.06319274159926222,
    0.06319208425144983,
    0.06319526204539613,
    0.063194138231648
  ],
  "val_recon_loss": [
    0.0632200148759474,
    0.06320620389562456,
    0.06320401634021851,
    0.06322032061558916,
    0.0632375784689325,
    0.0631981231575525,
    0.06325606593034333,
    0.06322190525916573,
    0.06320738404546775,
    0.06321419825977236,
    0.06319868536237841,
    0.06319835682495914,
    0.06319274159926222,
    0.06319208425144983,
    0.06319526204539613,
    0.06319410842932562
  ],
  "val_kl_loss": [
    3.5282465871867944e-08,
    5.960464477539063e-08,
    5.960464477539063e-08,
    2.9802322387695312e-08,
    8.940696716308594e-08,
    5.960464477539063e-08,
    0.0,
    0.0,
    0.0,
    0.0,
    5.960464477539063e-08,
    0.0,
    0.0,
    0.0,
    0.0,
    2.9802322387695312e-08
  ],
  "learning_rate": [
    0.001,
    0.001,
    0.001,
    0.001,
    0.001,
    0.001,
    0.001,
    0.001,
    0.001,
    0.001,
    0.001,
    0.001,
    0.0005,
    0.0005,
    0.0005,
    0.0005
  ]
}